scenario,participant,stage,buy_mwh,sell_mwh,purchase_eur,sales_eur,net_cash_eur,buy_vwap,sell_vwap,final_target_mwh,final_gap_mwh
Baseline,DKL_ICE_H,ALL,0,2518.186459125335,0,362854.5891721649,362854.5891721649,,144.09361461589248,,
Baseline,DKL_ICE_H,FM,0,0,0,0,0,,,,
Baseline,DKL_ICE_H,DAM,0,2518.084636,0,362840.5548908,362840.5548908,,144.0938678960273,,
Baseline,DKL_ICE_H,IDA1,0,0.06907304686511778,0,9.520338049419184,9.520338049419184,,137.83,,
Baseline,DKL_ICE_H,IDA2,0,0.029794500181652764,0,4.106575960037201,4.106575960037201,,137.83,,
Baseline,DKL_ICE_H,IDA3,0,0.002955578288323521,0,0.4073673554796309,0.4073673554796309,,137.83,,
Baseline,VAS_ST_H,ALL,179.73129699999998,6589.9245166066075,23408.20412128,982183.3710309305,958775.1669096506,130.24,149.04318988113275,,
Baseline,VAS_ST_H,FM,0,0,0,0,0,,,,
Baseline,VAS_ST_H,DAM,0,6298.500731,0,939646.59520544,939646.59520544,,149.18575631509916,,
Baseline,VAS_ST_H,IDA1,179.73129699999998,185.39410117609538,23408.20412128,27382.157640451325,3973.9535191713258,130.24,147.69702739593944,,
Baseline,VAS_ST_H,IDA2,0,80.14795780342743,0,11449.653258557875,11449.653258557875,,142.8564566378539,,
Baseline,VAS_ST_H,IDA3,0,25.881726627084777,0,3704.9649264813816,3704.9649264813816,,143.14983617067494,,
Baseline,VAS_CCGT_D,ALL,481.46989651999996,2234.9398793690234,68694.85446830292,345532.92171460134,276838.0672462984,142.67736148162146,154.60501864244935,,
Baseline,VAS_CCGT_D,FM,0,0,0,0,0,,,,
Baseline,VAS_CCGT_D,DAM,0,1608.93707144,0,251267.7024467848,251267.7024467848,,156.17,,
Baseline,VAS_CCGT_D,IDA1,87.80414032,396.87023488296984,12346.136629921919,61137.1350447557,48790.99841483378,140.6099596776044,154.04817411611626,,
Baseline,VAS_CCGT_D,IDA2,243.79580259999997,148.74082969532967,34840.9375785108,21403.360440113276,-13437.577138397523,142.91032580111698,143.8970085346063,,
Baseline,VAS_CCGT_D,IDA3,149.8699536,80.39174335072404,21507.7802598702,11724.723782947574,-9783.056476922626,143.5096211297566,145.84487528521765,,
Baseline,DKL_ST_H,ALL,497.10342772,595.2490773227806,73438.3503513898,91395.56907428238,17957.218722892576,147.73253664377248,153.5417232150065,,
Baseline,DKL_ST_H,FM,0,0,0,0,0,,,,
Baseline,DKL_ST_H,DAM,0,0,0,0,0,,,,
Baseline,DKL_ST_H,IDA1,0,407.76612795827594,0,64288.91000940786,64288.91000940786,,157.66123177348885,,
Baseline,DKL_ST_H,IDA2,281.19527046,121.70235038480978,41271.0020590228,17512.752189380222,-23758.24986964258,146.76990118471284,143.89822492340352,,
Baseline,DKL_ST_H,IDA3,215.90815726,65.78059897969497,32167.348292366998,9593.906875494305,-22573.441416872694,148.9862574003194,145.8470586206692,,
Baseline,VAS_GT_D,ALL,55.8883394415,62.83184705043316,8291.690415689061,9647.310068905199,1355.6196532161375,148.36172444107456,153.541723215006,,
Baseline,VAS_GT_D,FM,0,0,0,0,0,,,,
Baseline,VAS_GT_D,DAM,0,0,0,0,0,,,,
Baseline,VAS_GT_D,IDA1,0,43.04198017337357,0,6786.051612104163,6786.051612104163,,157.66123177348888,,
Baseline,VAS_GT_D,IDA2,43.04198042,12.846359207177084,6443.1221556707405,1848.568286639871,-4594.5538690308695,149.69390564280036,143.89822492329978,,
Baseline,VAS_GT_D,IDA3,12.8463590215,6.943507669882508,1848.5682600183206,1012.6901701611652,-835.8780898571555,143.89822493085464,145.84705862048844,,
Baseline,IND,ALL,3908.135837522759,201.18753127126718,564748.134748741,29190.613356432415,-535557.5213923086,144.50575881382787,145.09156294121348,3694.481001659451,12.467305359941506
Baseline,IND,FM,27.954336260999998,0,2795.4336261,0,-2795.4336261,100.0,,3694.481001659451,12.467305359941506
Baseline,IND,DAM,3544.5536206439965,0,510656.07301941566,0,-510656.07301941566,144.06780872075973,,3694.481001659451,12.467305359941506
Baseline,IND,IDA1,318.2325828125445,42.071238742691584,48729.05451189651,5609.006618676794,-43120.047893219715,153.12402671413585,133.32164172729912,3694.481001659451,12.467305359941506
Baseline,IND,IDA2,8.405259423699526,79.55814634373978,1233.558083940581,11790.915467161252,10557.357383220671,146.76026303988098,148.20500488054734,3694.481001659451,12.467305359941506
Baseline,IND,IDA3,8.99003838151834,79.55814618483582,1334.015507388291,11790.691270594369,10456.675763206078,148.38818821182687,148.20218715505632,3694.481001659451,12.467305359941506
Baseline,COM,ALL,3453.913472753075,186.23604989228977,481657.1940073514,27190.834070967376,-454466.359936384,139.45259422594276,146.00199095015859,3258.2048108589797,9.472612742613855
Baseline,COM,FM,416.89689372,0,35436.235966199994,0,-35436.235966199994,84.99999999999999,,3258.2048108589797,9.472612742613855
Baseline,COM,DAM,2714.46931673127,0,396684.0520679891,0,-396684.0520679891,146.13687088777672,,3258.2048108589797,9.472612742613855
Baseline,COM,IDA1,309.7766099443543,31.347744739464176,47645.82418205938,4187.090026493287,-43458.7341555661,153.80704240587463,133.56909919015936,3258.2048108589797,9.472612742613855
Baseline,COM,IDA2,6.146980973174291,77.44415260738025,904.5962875343724,11501.998340636876,10597.402053102503,147.16106841424636,148.519906970236,3258.2048108589797,9.472612742613855
Baseline,COM,IDA3,6.623671384276546,77.44415254544535,986.4855035685733,11501.745703837214,10515.26020026864,148.93334018808963,148.51664490857232,3258.2048108589797,9.472612742613855
Baseline,RESI,ALL,5551.470145938666,224.06408006271315,835544.0062121089,32993.56396129024,-802550.4422508186,150.50860118979017,147.2505720330349,5306.460482681569,20.945583907325087
Baseline,RESI,FM,74.1418716635,0,6742.6542903675,0,-6742.6542903675,90.94259612125364,,5306.460482681569,20.945583907325087
Baseline,RESI,DAM,5130.343820624734,0,772876.2980505552,0,-772876.2980505552,150.64805110009962,,5306.460482681569,20.945583907325087
Baseline,RESI,IDA1,322.0721259931012,63.02801281537813,52213.90699888277,8447.697358757656,-43766.20964012511,162.11867710650995,134.03083774039774,5306.460482681569,20.945583907325087
Baseline,RESI,IDA2,11.905486143126183,80.5180335027064,1760.9741680892168,12273.053163925108,10512.078995835891,147.91283169112273,152.42614144957454,5306.460482681569,20.945583907325087
Baseline,RESI,IDA3,13.006841514205114,80.51803374462861,1950.1727042142957,12272.813438607476,10322.64073439318,149.93437892546478,152.42316370431985,5306.460482681569,20.945583907325087
Baseline,PV_C,ALL,100.01341597790304,744.8348639535341,14486.84290385703,76024.54869041117,61537.70578655414,144.84899612925682,102.06899860578211,644.8214478,2.0569864331996992e-07
Baseline,PV_C,FM,0,486.37970934,0,41689.689372,41689.689372,,85.71428571428572,644.8214478,2.0569864331996992e-07
Baseline,PV_C,DAM,0,208.44844603790227,0,27148.74714691565,27148.74714691565,,130.24202225033227,644.8214478,2.0569864331996992e-07
Baseline,PV_C,IDA1,100.01341597790304,0,14486.84290385703,0,-14486.84290385703,144.84899612925682,,644.8214478,2.0569864331996992e-07
Baseline,PV_C,IDA2,0,25.003354248086783,0,3593.0744402520286,3593.0744402520286,,143.70369689606605,644.8214478,2.0569864331996992e-07
Baseline,PV_C,IDA3,0,25.003354327545104,0,3593.0377312434903,3593.0377312434903,,143.70222827603564,644.8214478,2.0569864331996992e-07
Baseline,PV_A,ALL,100.01341405967678,744.8348620353061,14486.84263014403,97681.93599454769,83195.09336440366,144.84899617065275,131.14576260249947,644.8214478,2.0570048435432072e-07
Baseline,PV_A,FM,0,0,0,0,0,,,644.8214478,2.0570048435432072e-07
Baseline,PV_A,DAM,0,694.8281534596741,0,90495.82382305217,90495.82382305217,,130.24202225033227,644.8214478,2.0570048435432072e-07
Baseline,PV_A,IDA1,100.01341405967678,0,14486.84263014403,0,-14486.84263014403,144.84899617065275,,644.8214478,2.0570048435432072e-07
Baseline,PV_A,IDA2,0,25.003354248086783,0,3593.0744402520286,3593.0744402520286,,143.70369689606605,644.8214478,2.0570048435432072e-07
Baseline,PV_A,IDA3,0,25.003354327545104,0,3593.0377312434903,3593.0377312434903,,143.70222827603564,644.8214478,2.0570048435432072e-07
Baseline,W_C,ALL,57.89305203745135,170.6180936886146,8755.0073240349,23053.948127415384,14298.940803380485,151.22725466902722,135.12018349876675,124.35534662425,11.630304973086753
Baseline,W_C,FM,0,32.613392304499996,0,3284.6345106675,3284.6345106675,,100.71428571428572,124.35534662425,11.630304973086753
Baseline,W_C,DAM,0,13.97716814363622,0,2034.6924280579274,2034.6924280579274,,145.5725800211053,124.35534662425,11.630304973086753
Baseline,W_C,IDA1,0,124.02753324047838,0,17734.621188689955,17734.621188689955,,142.9893889311182,124.35534662425,11.630304973086753
Baseline,W_C,IDA2,28.251776196913422,0,4258.183123947949,0,-4258.183123947949,150.7226694091243,,124.35534662425,11.630304973086753
Baseline,W_C,IDA3,29.641275840537926,0,4496.82420008695,0,-4496.82420008695,151.7081863911207,,124.35534662425,11.630304973086753
Baseline,W_A,ALL,57.89305204065852,170.61809363877512,8755.00732458585,24516.929270815195,15761.921946229346,151.2272546701662,143.69477907027448,124.35534662425,11.630305026133408
Baseline,W_A,FM,0,0,0,0,0,,,124.35534662425,11.630305026133408
Baseline,W_A,DAM,0,46.590560478787395,0,6782.308093526424,6782.308093526424,,145.5725800211053,124.35534662425,11.630305026133408
Baseline,W_A,IDA1,0,124.02753315998771,0,17734.621177288773,17734.621177288773,,142.98938893199002,124.35534662425,11.630305026133408
Baseline,W_A,IDA2,28.251776200120588,0,4258.183124498898,0,-4258.183124498898,150.72266941151554,,124.35534662425,11.630305026133408
Baseline,W_A,IDA3,29.641275840537926,0,4496.82420008695,0,-4496.82420008695,151.7081863911207,,124.35534662425,11.630305026133408
Low RES,DKL_ICE_H,ALL,0,2457.8849050445206,0,354825.85312878626,354825.85312878626,,144.36227359570327,,
Low RES,DKL_ICE_H,FM,0,0,0,0,0,,,,
Low RES,DKL_ICE_H,DAM,0,2454.13195,0,354308.583335,354308.583335,,144.37226300525526,,
Low RES,DKL_ICE_H,IDA1,0,2.3691697821496986,0,326.542671073693,326.542671073693,,137.83,,
Low RES,DKL_ICE_H,IDA2,0,1.144596252184549,0,157.7597014385964,157.7597014385964,,137.83,,
Low RES,DKL_ICE_H,IDA3,0,0.23918901018613042,0,32.96742127395436,32.96742127395436,,137.83,,
Low RES,VAS_ST_H,ALL,152.98850099999999,7237.812591847862,19925.22237024,1069905.194430672,1049979.9720604322,130.24,147.82162163686505,,
Low RES,VAS_ST_H,FM,0,0,0,0,0,,,,
Low RES,VAS_ST_H,DAM,0,7012.043826,0,1037490.10789824,1037490.10789824,,147.95830340525313,,
Low RES,VAS_ST_H,IDA1,152.98850099999999,132.12793179217698,19925.22237024,19067.346820331488,-857.8755499085128,130.24,144.3097349795982,,
Low RES,VAS_ST_H,IDA2,0,68.25205784941126,0,9722.205740638654,9722.205740638654,,142.44560599314616,,
Low RES,VAS_ST_H,IDA3,0,25.38877620627352,0,3625.5339714620845,3625.5339714620845,,142.80065892133163,,
Low RES,VAS_CCGT_D,ALL,478.65364859,2059.8310073222215,68844.0799472651,318450.47868305823,249606.39873579313,143.8285911954571,154.60029368964766,,
Low RES,VAS_CCGT_D,FM,0,0,0,0,0,,,,
Low RES,VAS_CCGT_D,DAM,0,1404.1978966000001,0,219293.585512022,219293.585512022,,156.17,,
Low RES,VAS_CCGT_D,IDA1,87.62262720000001,420.4580602581778,13024.3856422876,65229.32775304122,52204.942110753625,148.6418070136066,155.13872587669707,,
Low RES,VAS_CCGT_D,IDA2,238.8936305,152.24514313077148,34038.9190550794,21890.028064471855,-12148.890990607546,142.485670228363,143.78145413590858,,
Low RES,VAS_CCGT_D,IDA3,152.13739089,82.92990733327207,21780.775249898103,12037.537353523183,-9743.23789637492,143.16516881537865,145.15315090305953,,
Low RES,DKL_ST_H,ALL,500.44984437,602.3423811852688,73864.84015442731,92451.75716474208,18586.917010314777,147.59688904971756,153.4870532981901,,
Low RES,DKL_ST_H,FM,0,0,0,0,0,,,,
Low RES,DKL_ST_H,DAM,0,0,0,0,0,,,,
Low RES,DKL_ST_H,IDA1,0,409.78866208141574,0,64669.1731292735,64669.1731292735,,157.81103557331997,,
Low RES,DKL_ST_H,IDA2,279.68649775,124.6315543465449,41005.6073646047,17921.592185895373,-23084.015178709327,146.6127528303418,143.79658730776475,,
Low RES,DKL_ST_H,IDA3,220.76334662,67.92216475730822,32859.2327898226,9860.991849573216,-22998.240940249383,148.84369752911567,145.1807651420916,,
Low RES,VAS_GT_D,ALL,56.41102267,63.580584679207384,8365.05150397045,9758.796589396661,1393.7450854262115,148.28753509585061,153.48705329833274,,
Low RES,VAS_GT_D,FM,0,0,0,0,0,,,,
Low RES,VAS_GT_D,DAM,0,0,0,0,0,,,,
Low RES,VAS_GT_D,IDA1,0,43.25546988637166,0,6826.190496978869,6826.190496978869,,157.81103557332,,
Low RES,VAS_GT_D,IDA2,43.25546985,13.155552958632205,6473.32790425868,1891.7236195957753,-4581.604284662904,149.6533947430623,143.79658730760485,,
Low RES,VAS_GT_D,IDA3,13.155552819999999,7.169561834203523,1891.72359971177,1040.8824728220168,-850.8411268897532,143.79658731146884,145.18076514192586,,
Low RES,IND,ALL,3908.7206164420727,203.50357019367547,564197.4200181426,29526.34648030137,-534671.0735378412,144.34324562488308,145.09006624405157,3694.481001659451,10.736045190974394
Low RES,IND,FM,27.954336260999998,0,2795.4336261,0,-2795.4336261,100.0,,3694.481001659451,10.736045190974394
Low RES,IND,DAM,3544.5536206439965,0,509921.823096429,0,-509921.823096429,143.8606599506832,,3694.481001659451,10.736045190974394
Low RES,IND,IDA1,318.2325828125445,44.387277806775664,48812.13228735595,6035.423046899601,-42776.709240456345,153.3850866430884,135.97191233877157,3694.481001659451,10.736045190974394
Low RES,IND,IDA2,8.990038374849151,79.55814627875121,1334.0155054302793,11745.594988314731,10411.579482884452,148.38818810410956,147.635352728823,3694.481001659451,10.736045190974394
Low RES,IND,IDA3,8.990038349682504,79.55814610814859,1334.0155028273623,11745.328445087036,10411.312942259674,148.3881882299729,147.6320027508037,3694.481001659451,10.736045190974394
Low RES,COM,ALL,3454.390163132065,188.06580052997154,481414.9384875033,27443.37097102416,-453971.5675164792,139.36322064181905,145.92430358783167,3258.2048108589797,8.11955229714546
Low RES,COM,FM,416.89689372,0,35436.235966199994,0,-35436.235966199994,84.99999999999999,,3258.2048108589797,8.11955229714546
Low RES,COM,DAM,2714.46931673127,0,396280.95615704486,0,-396280.95615704486,145.98837191287225,,3258.2048108589797,8.11955229714546
Low RES,COM,IDA1,309.7766099443543,33.17749551947652,47724.77536253809,4526.5089785566615,-43198.26638398143,154.0619072921967,136.4331124963733,3258.2048108589797,8.11955229714546
Low RES,COM,IDA2,6.6236713742395565,77.4441525447255,986.4855013145706,11458.577549254363,10472.092047939794,148.9333400734764,147.95923478711725,3258.2048108589797,8.11955229714546
Low RES,COM,IDA3,6.623671362201637,77.44415246576953,986.4855004058187,11458.284443213135,10471.798942807316,148.93334020695156,147.95545019719492,3258.2048108589797,8.11955229714546
Low RES,RESI,ALL,5552.571501240362,228.206559525642,835625.0533364073,33682.44503589821,-801942.608300509,150.49334405684667,147.59630532054686,5306.460482681569,17.90445965789541
Low RES,RESI,FM,74.1418716635,0,6742.6542903675,0,-6742.6542903675,90.94259612125364,,5306.460482681569,17.90445965789541
Low RES,RESI,DAM,5130.343820624734,0,772641.8371546861,0,-772641.8371546861,150.6023502847027,,5306.460482681569,17.90445965789541
Low RES,RESI,IDA1,322.0721259931012,67.17049235701725,52340.21649475432,9219.94887997827,-43120.26761477605,162.51085477628524,137.26189218583372,5306.460482681569,17.90445965789541
Low RES,RESI,IDA2,13.00684149091129,80.51803347088267,1950.1726989877602,12231.391404526183,10281.218705538422,149.93437879215105,151.90872003784543,5306.460482681569,17.90445965789541
Low RES,RESI,IDA3,13.006841468115857,80.51803369774208,1950.1726976115792,12231.104751393756,10280.932053782177,149.93437894911753,151.90515949890545,5306.460482681569,17.90445965789541
Low RES,PV_C,ALL,70.00939176000001,521.3844052519902,10065.306486673902,46682.22606490781,36616.91957823391,143.77080322564282,89.53514066525605,451.37501345999993,1.2899713519587408e-07
Low RES,PV_C,FM,0,486.37970934,0,41689.689372,41689.689372,,85.71428571428572,451.37501345999993,1.2899713519587408e-07
Low RES,PV_C,DAM,0,0,0,0,0,,,451.37501345999993,1.2899713519587408e-07
Low RES,PV_C,IDA1,70.00939176000001,0,10065.306486673902,0,-10065.306486673902,143.77080322564282,,451.37501345999993,1.2899713519587408e-07
Low RES,PV_C,IDA2,0,17.502347932820314,0,2496.2811952542716,2496.2811952542716,,142.62550400870833,451.37501345999993,1.2899713519587408e-07
Low RES,PV_C,IDA3,0,17.50234797916989,0,2496.255497653537,2496.255497653537,,142.6240353936747,451.37501345999993,1.2899713519587408e-07
Low RES,PV_A,ALL,70.00939244029186,521.3844059322805,10065.306589922267,67998.53611491293,57933.22952499066,143.77080330337895,130.41919808346714,451.37501345999993,1.2899861717913848e-07
Low RES,PV_A,FM,0,0,0,0,0,,,451.37501345999993,1.2899861717913848e-07
Low RES,PV_A,DAM,0,486.3797100202903,0,63005.999422005116,63005.999422005116,,129.540764394503,451.37501345999993,1.2899861717913848e-07
Low RES,PV_A,IDA1,70.00939244029186,0,10065.306589922267,0,-10065.306589922267,143.77080330337895,,451.37501345999993,1.2899861717913848e-07
Low RES,PV_A,IDA2,0,17.502347932820314,0,2496.2811952542716,2496.2811952542716,,142.62550400870833,451.37501345999993,1.2899861717913848e-07
Low RES,PV_A,IDA3,0,17.50234797916989,0,2496.255497653537,2496.255497653537,,142.6240353936747,451.37501345999993,1.2899861717913848e-07
Low RES,W_C,ALL,41.49778620045707,121.60172877993668,6222.822222165505,16313.076355853193,10090.254133687687,149.95552273814945,134.15168122630112,87.04874263697499,6.944800057495379
Low RES,W_C,FM,0,32.613392304499996,0,3284.6345106675,3284.6345106675,,100.71428571428572,87.04874263697499,6.944800057495379
Low RES,W_C,DAM,0,0,0,0,0,,,87.04874263697499,6.944800057495379
Low RES,W_C,IDA1,0,88.98833647543668,0,13028.441845185693,13028.441845185693,,146.40617367627627,87.04874263697499,6.944800057495379
Low RES,W_C,IDA2,20.74889306889457,0,3111.454005167039,0,-3111.454005167039,149.95759025967195,,87.04874263697499,6.944800057495379
Low RES,W_C,IDA3,20.7488931315625,0,3111.3682169984654,0,-3111.3682169984654,149.9534552166332,,87.04874263697499,6.944800057495379
Low RES,W_A,ALL,41.49778620045707,121.60172877300354,6222.822222165504,17774.784319977087,11551.962097811582,149.95552273814943,146.17213504552754,87.04874263697499,6.944800064428512
Low RES,W_A,FM,0,0,0,0,0,,,87.04874263697499,6.944800064428512
Low RES,W_A,DAM,0,32.61339253970967,0,4746.342507224485,4746.342507224485,,145.5335412114945,87.04874263697499,6.944800064428512
Low RES,W_A,IDA1,0,88.98833623329388,0,13028.4418127526,13028.4418127526,,146.40617371019204,87.04874263697499,6.944800064428512
Low RES,W_A,IDA2,20.74889306889457,0,3111.454005167039,0,-3111.454005167039,149.95759025967195,,87.04874263697499,6.944800064428512
Low RES,W_A,IDA3,20.7488931315625,0,3111.3682169984654,0,-3111.3682169984654,149.9534552166332,,87.04874263697499,6.944800064428512
High RES,DKL_ICE_H,ALL,0,2334.093479658817,0,335661.9142689548,335661.9142689548,,143.80825669330935,,
High RES,DKL_ICE_H,FM,0,0,0,0,0,,,,
High RES,DKL_ICE_H,DAM,0,2321.786914,0,333965.7003242,333965.7003242,,143.83994427328398,,
High RES,DKL_ICE_H,IDA1,0,8.664131282523163,0,1194.1772146701678,1194.1772146701678,,137.83,,
High RES,DKL_ICE_H,IDA2,0,3.5116238385355714,0,484.0071136653578,484.0071136653578,,137.82999999999998,,
High RES,DKL_ICE_H,IDA3,0,0.13081053775862464,0,18.029616419271235,18.029616419271235,,137.83,,
High RES,VAS_ST_H,ALL,321.47263399999997,6405.664665570107,41868.595852160004,948094.0319640867,906225.4361119267,130.24000000000004,148.0086894120465,,
High RES,VAS_ST_H,FM,0,0,0,0,0,,,,
High RES,VAS_ST_H,DAM,0,6077.9889754,0,900814.444156096,900814.444156096,,148.20929221853555,,
High RES,VAS_ST_H,IDA1,321.47263399999997,205.5501799437462,41868.595852160004,29936.330632015717,-11932.265220144287,130.24000000000004,145.64001179764728,,
High RES,VAS_ST_H,IDA2,0,90.31894774899223,0,12785.477821961249,12785.477821961249,,141.55919815954573,,
High RES,VAS_ST_H,IDA3,0,31.80656247736813,0,4557.779354013786,4557.779354013786,,143.29682301433428,,
High RES,VAS_CCGT_D,ALL,500.1930678,2240.9810919000784,70989.6400749746,345436.32505094295,274446.6849759683,141.92447805646017,154.1451314781309,,
High RES,VAS_CCGT_D,FM,0,0,0,0,0,,,,
High RES,VAS_CCGT_D,DAM,0,1580.895336,0,246888.42462312,246888.42462312,,156.17,,
High RES,VAS_CCGT_D,IDA1,90.72936519999999,400.03127250882994,12880.356566699998,61192.15291477138,48311.79634807138,141.96458377403042,152.9684230210294,,
High RES,VAS_CCGT_D,IDA2,248.2462415,156.0951801477153,35117.457812085,22205.69577873282,-12911.762033352177,141.4621933443653,142.25740831792004,,
High RES,VAS_CCGT_D,IDA3,161.2174611,103.95930324353303,22991.8256961896,15150.051734318791,-7841.773961870809,142.61374381729175,145.73060093360357,,
High RES,DKL_ST_H,ALL,507.34392038,621.4901859406414,74459.44944681741,94617.00167302969,20157.552226212283,146.76326345065368,152.2421492944807,,
High RES,DKL_ST_H,FM,0,0,0,0,0,,,,
High RES,DKL_ST_H,DAM,0,0,0,0,0,,,,
High RES,DKL_ST_H,IDA1,0,408.48105077489225,0,64012.44575480034,64012.44575480034,,156.70848288645985,,
High RES,DKL_ST_H,IDA2,283.8965539,127.83040953501907,41350.429684037,18188.25325365656,-23162.17643038044,145.6531582225627,142.2842445691602,,
High RES,DKL_ST_H,IDA3,223.44736648,85.17872563073004,33109.0197627804,12416.302664572795,-20692.717098207606,148.17368530384482,145.7676499927976,,
High RES,VAS_GT_D,ALL,56.61065435962,65.60174185211076,8338.628778851831,9987.350176999413,1648.7213981475816,147.29786951199276,152.24214929405971,,
High RES,VAS_GT_D,FM,0,0,0,0,0,,,,
High RES,VAS_GT_D,DAM,0,0,0,0,0,,,,
High RES,VAS_GT_D,IDA1,0,43.11744424846085,0,6756.869274117814,6756.869274117814,,156.70848288645985,,
High RES,VAS_GT_D,IDA2,43.11744454,13.493209895170834,6418.7576129218005,1919.871176744825,-4498.886436176976,148.86683757352844,142.284244568962,,
High RES,VAS_GT_D,IDA3,13.49320981962,8.991087708479082,1919.871165930031,1310.6097261367734,-609.2614397932578,142.2842445641373,145.7676499919801,,
High RES,IND,ALL,3917.111874282636,218.98321060725402,559724.918140351,31342.977425213627,-528381.9407151373,142.89224717199497,143.12959125175672,3694.481001659451,3.647662487667205
High RES,IND,FM,27.954336260999998,0,2795.4336261,0,-2795.4336261,100.0,,3694.481001659451,3.647662487667205
High RES,IND,DAM,3544.5536206439965,0,504661.30453274515,0,-504661.30453274515,142.37654682201003,,3694.481001659451,3.647662487667205
High RES,IND,IDA1,318.2325828125445,59.86691830389497,48443.9586345462,7903.918659769461,-40540.03997477674,152.2281540324933,132.02481242892418,3694.481001659451,3.647662487667205
High RES,IND,IDA2,12.3797416863447,79.55814627336368,1773.6631361569434,11719.641486478808,9945.978350321864,143.27141721489696,147.30913219382768,3694.481001659451,3.647662487667205
High RES,IND,IDA3,13.99159287875041,79.55814602999537,2050.5582108026265,11719.41727896536,9668.859068162734,146.55645204749283,147.30631448534325,3694.481001659451,3.647662487667205
High RES,COM,ALL,3460.5702245857674,199.45511683437985,478435.7122087519,28771.09118410513,-449664.62102464674,138.25343257295725,144.248448677281,3258.2048108589797,2.9102973434762873
High RES,COM,FM,416.89689372,0,35436.235966199994,0,-35436.235966199994,84.99999999999999,,3258.2048108589797,2.9102973434762873
High RES,COM,DAM,2714.46931673127,0,392779.08075020846,0,-392779.08075020846,144.69829455401182,,3258.2048108589797,2.9102973434762873
High RES,COM,IDA1,309.7766099443543,44.56681189443803,47399.521161122575,5890.498681688845,-41509.02247943373,153.0119435732641,132.17231458335442,3258.2048108589797,2.9102973434762873
High RES,COM,IDA2,9.056741046992652,77.44415255071466,1297.5798003719367,11440.422576262252,10142.842775890314,143.2722646743672,147.72480812893443,3258.2048108589797,2.9102973434762873
High RES,COM,IDA3,10.370663143150603,77.44415238922716,1523.2945308489336,11440.169926154036,9916.875395305102,146.88496866808435,147.7215460846779,3258.2048108589797,2.9102973434762873
High RES,RESI,ALL,5565.967128458897,252.88982789847202,830487.1948542959,36653.91802316863,-793833.2768311272,149.2080667541134,144.94026243666917,5306.460482681569,6.6168184513661075
High RES,RESI,FM,74.1418716635,0,6742.6542903675,0,-6742.6542903675,90.94259612125364,,5306.460482681569,6.6168184513661075
High RES,RESI,DAM,5130.343820624734,0,765902.3216248964,0,-765902.3216248964,149.288692610787,,5306.460482681569,6.6168184513661075
High RES,RESI,IDA1,322.0721259931012,91.85376076463317,52109.35002713468,12160.329923344241,-39949.02010379043,161.79403873109732,132.38793732685556,5306.460482681569,6.6168184513661075
High RES,RESI,IDA2,18.186798729462648,80.51803348136063,2605.686470418904,12246.913917470925,9641.22744705202,143.27350894347816,152.10150307888483,5306.460482681569,6.6168184513661075
High RES,RESI,IDA3,21.222511448098988,80.51803365247822,3127.18244147853,12246.674182353465,9119.491740874935,147.3521382766717,152.0985253466449,5306.460482681569,6.6168184513661075
High RES,PV_C,ALL,130.0174426858271,968.285324897258,18579.46849847867,104277.37049411469,85697.90199563601,142.8998149377074,107.69281307158018,838.2678821400001,1.735965767546714e-07
High RES,PV_C,FM,0,486.37970934,0,41689.689372,41689.689372,,85.71428571428572,838.2678821400001,1.735965767546714e-07
High RES,PV_C,DAM,0,416.8968945658279,0,53372.449097056204,53372.449097056204,,128.0231390369081,838.2678821400001,1.735965767546714e-07
High RES,PV_C,IDA1,130.0174426858271,0,18579.46849847867,0,-18579.46849847867,142.8998149377074,,838.2678821400001,1.735965767546714e-07
High RES,PV_C,IDA2,0,32.504360467280506,0,4607.639876884244,4607.639876884244,,141.75451572174077,838.2678821400001,1.735965767546714e-07
High RES,PV_C,IDA3,0,32.504360524149625,0,4607.592148174241,4607.592148174241,,141.75304709504923,838.2678821400001,1.735965767546714e-07
High RES,PV_A,ALL,130.0174436726254,968.2853258840572,18579.46864021935,124855.53840201358,106276.06976179424,142.89981494330192,128.94498663192982,838.2678821400001,1.735974695477266e-07
High RES,PV_A,FM,0,0,0,0,0,,,838.2678821400001,1.735974695477266e-07
High RES,PV_A,DAM,0,903.2766048926271,0,115640.30637695511,115640.30637695511,,128.0231390369081,838.2678821400001,1.735974695477266e-07
High RES,PV_A,IDA1,130.0174436726254,0,18579.46864021935,0,-18579.46864021935,142.89981494330192,,838.2678821400001,1.735974695477266e-07
High RES,PV_A,IDA2,0,32.504360467280506,0,4607.639876884244,4607.639876884244,,141.75451572174077,838.2678821400001,1.735974695477266e-07
High RES,PV_A,IDA3,0,32.504360524149625,0,4607.592148174241,4607.592148174241,,141.75304709504923,838.2678821400001,1.735974695477266e-07
High RES,W_C,ALL,83.87382022360673,240.66104346613088,12497.227638723845,32689.964900743213,20192.737262019367,149.00033890678125,135.8340528650778,161.66195061152501,4.874727369000855
High RES,W_C,FM,0,32.613392304499996,0,3284.6345106675,3284.6345106675,,100.71428571428572,161.66195061152501,4.874727369000855
High RES,W_C,DAM,0,27.954336239224773,0,3998.3325698992735,3998.3325698992735,,143.03085344909462,161.66195061152501,4.874727369000855
High RES,W_C,IDA1,0,180.0933149224061,0,25406.997820176442,25406.997820176442,,141.07685135965843,161.66195061152501,4.874727369000855
High RES,W_C,IDA2,39.44745158412602,0,5820.994192365798,0,-5820.994192365798,147.56325082120676,,161.66195061152501,4.874727369000855
High RES,W_C,IDA3,44.426368639480714,0,6676.233446358047,0,-6676.233446358047,150.27637078635837,,161.66195061152501,4.874727369000855
High RES,W_A,ALL,83.87382022777997,240.66104345094806,12497.227639440755,34070.05172178559,21572.824082344836,149.00033890791502,141.56861963714456,161.66195061152501,4.874727388356917
High RES,W_A,FM,0,0,0,0,0,,,161.66195061152501,4.874727388356917
High RES,W_A,DAM,0,60.56772851832034,0,8663.053901448426,8663.053901448426,,143.03085344909462,161.66195061152501,4.874727388356917
High RES,W_A,IDA1,0,180.09331493262772,0,25406.99782033716,25406.99782033716,,141.0768513525437,161.66195061152501,4.874727388356917
High RES,W_A,IDA2,39.447451588299266,0,5820.994193082707,0,-5820.994193082707,147.56325082376944,,161.66195061152501,4.874727388356917
High RES,W_A,IDA3,44.426368639480714,0,6676.233446358047,0,-6676.233446358047,150.27637078635837,,161.66195061152501,4.874727388356917
High demand,DKL_ICE_H,ALL,0,2323.8131024609734,0,342591.28425686195,342591.28425686195,,147.4263502060685,,
High demand,DKL_ICE_H,FM,0,0,0,0,0,,,,
High demand,DKL_ICE_H,DAM,0,2307.5519278,0,340350.00655334,340350.00655334,,147.49397508806084,,
High demand,DKL_ICE_H,IDA1,0,10.465792480096574,0,1442.5001775317112,1442.5001775317112,,137.83000000000004,,
High demand,DKL_ICE_H,IDA2,0,4.913657513395692,0,677.2494150713283,677.2494150713283,,137.83,,
High demand,DKL_ICE_H,IDA3,0,0.8817246674811176,0,121.52811091892244,121.52811091892244,,137.83,,
High demand,VAS_ST_H,ALL,0,7775.1593766484575,0,1164457.0608730477,1164457.0608730477,,149.76632689618202,,
High demand,VAS_ST_H,FM,0,0,0,0,0,,,,
High demand,VAS_ST_H,DAM,0,7551.0886488,0,1132832.365619712,1132832.365619712,,150.02238992383423,,
High demand,VAS_ST_H,IDA1,0,134.66316318088482,0,18986.432889848777,18986.432889848777,,140.99203108979,,
High demand,VAS_ST_H,IDA2,0,70.20943274209324,0,9914.255549583755,9914.255549583755,,141.20973724432017,,
High demand,VAS_ST_H,IDA3,0,19.19813192547961,0,2724.0068139032173,2724.0068139032173,,141.8891600743683,,
High demand,VAS_CCGT_D,ALL,804.495138142,3124.5995709963854,116404.97598332835,482742.3582020573,366337.38221872895,144.6932000759735,154.49735149522485,,
High demand,VAS_CCGT_D,FM,0,0,0,0,0,,,,
High demand,VAS_CCGT_D,DAM,0,2353.1358194,0,367489.220915698,367489.220915698,,156.17,,
High demand,VAS_CCGT_D,IDA1,298.9136584,459.98684389898807,44698.3856187722,69333.52766434816,24635.142045575965,149.53610971820416,150.7293710329977,,
High demand,VAS_CCGT_D,IDA2,322.3056907,205.0801762422451,45681.695410197004,29771.245014914864,-15910.45039528214,141.73406405261775,145.16880939164218,,
High demand,VAS_CCGT_D,IDA3,183.275789042,106.39673145515233,26024.89495435914,16148.364607096339,-9876.530347262802,141.99854269019244,151.7750064897726,,
High demand,DKL_ST_H,ALL,595.15502868,773.176471542902,87017.0995202216,118688.14325418363,31671.043733962026,146.20913094394524,153.50718448187783,,
High demand,DKL_ST_H,FM,0,0,0,0,0,,,,
High demand,DKL_ST_H,DAM,0,0,0,0,0,,,,
High demand,DKL_ST_H,IDA1,0,515.7748058712672,0,80678.30743104867,80678.30743104867,,156.42157490566777,,
High demand,DKL_ST_H,IDA2,341.18692386,169.04050135400786,49477.8880134454,24572.617970548083,-24905.27004289732,145.01695274156455,145.36526911433867,,
High demand,DKL_ST_H,IDA3,253.96810482,88.36116431762704,37539.2115067762,13437.217852586884,-24101.993654189315,147.81073211292468,152.07153455204428,,
High demand,VAS_GT_D,ALL,72.286060256,81.61307199419768,10694.824219327431,12528.192898767122,1833.3686794396908,147.9514055884616,153.50718448213564,,
High demand,VAS_GT_D,FM,0,0,0,0,0,,,,
High demand,VAS_GT_D,DAM,0,0,0,0,0,,,,
High demand,VAS_GT_D,IDA1,0,54.44289617530042,0,8516.043562166247,8516.043562166247,,156.42157490566777,,
High demand,VAS_GT_D,IDA2,54.442896026,17.843164031681738,8101.04785055054,2593.7763413152948,-5507.271509235245,148.79898833232102,145.3652691142597,,
High demand,VAS_GT_D,IDA3,17.84316423,9.327011787215529,2593.77636877689,1418.3729952855783,-1175.4033734913119,145.36526903764818,152.07153455405003,,
High demand,IND,ALL,4492.611328382074,236.19875959415776,655016.628320205,34617.25777257267,-620399.3705476323,145.79864146763313,146.55986268536233,4248.653151908368,7.7594174395316315
High demand,IND,FM,27.954336260999998,0,2795.4336261,0,-2795.4336261,100.0,,4248.653151908368,7.7594174395316315
High demand,IND,DAM,4080.4298118737656,0,594044.7904300014,0,-594044.7904300014,145.58387665470255,,4248.653151908368,7.7594174395316315
High demand,IND,IDA1,365.96747543259664,53.21502346227512,55039.62435309862,7924.576126100204,-47115.04822699841,150.3948521327976,148.91614454925588,4248.653151908368,7.7594174395316315
High demand,IND,IDA2,7.124366327556628,91.49186819252068,1223.8735183119704,13346.365189253354,12122.491670941385,171.78699999999998,145.87487885993784,4248.653151908368,7.7594174395316315
High demand,IND,IDA3,11.135338487155238,91.49186793936197,1912.906392692937,13346.316457219113,11433.410064526175,171.787,145.87434662569842,4248.653151908368,7.7594174395316315
High demand,COM,ALL,3971.751820741819,219.1959527896424,560099.9557014067,32176.432796153164,-527923.5229052536,141.0208847331238,146.79300592302536,3746.9355324878265,5.620335979064464
High demand,COM,FM,416.89689372,0,35436.235966199994,0,-35436.235966199994,84.99999999999999,,3746.9355324878265,5.620335979064464
High demand,COM,DAM,3184.174246179114,0,468385.4553420367,0,-468385.4553420367,147.09793470130634,,3746.9355324878265,5.620335979064464
High demand,COM,IDA1,356.24310607377896,41.07440217077434,53798.076736340576,6130.219197875268,-47667.85753846531,151.015067573543,149.24670534187595,3746.9355324878265,5.620335979064464
High demand,COM,IDA2,5.716346529837949,89.060775349837,981.9940213212717,13023.13007256746,12041.136051246187,171.78699999999998,146.22744997909223,3746.9355324878265,5.620335979064464
High demand,COM,IDA3,8.72122823908797,89.06077526903105,1498.1936355082053,13023.083525710434,11524.889890202228,171.787,146.2269274702679,3746.9355324878265,5.620335979064464
High demand,RESI,ALL,6388.234784570606,275.6093582379666,974437.7557157404,41436.41561743892,-933001.3400983014,152.53630910205166,150.34473387388354,6102.429555083804,10.1958720199647
High demand,RESI,FM,74.1418716635,0,6742.6542903675,0,-6742.6542903675,90.94259612125364,,6102.429555083804,10.1958720199647
High demand,RESI,DAM,5911.01666194712,0,902739.7158156716,0,-902739.7158156716,152.72156507816447,,6102.429555083804,10.1958720199647
High demand,RESI,IDA1,370.3829643936244,90.41788068105784,59339.10399032562,13523.860810338034,-45815.243179987585,160.2101330104994,149.57064585535264,6102.429555083804,10.1958720199647
High demand,RESI,IDA2,13.052385122605424,92.5957387856336,2242.230083057018,13956.304386958353,11714.074303901334,171.787,150.72296598084597,6102.429555083804,10.1958720199647
High demand,RESI,IDA3,19.64090144375679,92.59573877127517,3374.0515363186473,13956.250420142533,10582.198883823885,171.78699999999998,150.72238318241062,6102.429555083804,10.1958720199647
High demand,PV_C,ALL,100.01341597997008,744.8348638461396,14241.209382512605,75382.22750896285,61141.018126450246,142.39299041005384,101.20663138632908,644.8214478,1.628863251848929e-07
High demand,PV_C,FM,0,486.37970934,0,41689.689372,41689.689372,,85.71428571428572,644.8214478,1.628863251848929e-07
High demand,PV_C,DAM,0,208.4484460399693,0,26615.347027622647,26615.347027622647,,127.68311557726481,644.8214478,1.628863251848929e-07
High demand,PV_C,IDA1,100.01341597997008,0,14241.209382512605,0,-14241.209382512605,142.39299041005384,,644.8214478,1.628863251848929e-07
High demand,PV_C,IDA2,0,25.003354276004362,0,3538.595560468049,3538.595560468049,,141.52483388454914,644.8214478,1.628863251848929e-07
High demand,PV_C,IDA3,0,25.003354190165908,0,3538.59554887216,3538.59554887216,,141.52483390664156,644.8214478,1.628863251848929e-07
High demand,PV_A,ALL,100.01341406656694,744.8348619327346,14241.209118418948,95795.01453474902,81553.80541633007,142.392990493658,128.61242059236505,644.8214478,1.628881662192437e-07
High demand,PV_A,FM,0,0,0,0,0,,,644.8214478,1.628881662192437e-07
High demand,PV_A,DAM,0,694.8281534665643,0,88717.82342540882,88717.82342540882,,127.6831155772648,644.8214478,1.628881662192437e-07
High demand,PV_A,IDA1,100.01341406656694,0,14241.209118418948,0,-14241.209118418948,142.392990493658,,644.8214478,1.628881662192437e-07
High demand,PV_A,IDA2,0,25.003354276004362,0,3538.595560468049,3538.595560468049,,141.52483388454914,644.8214478,1.628881662192437e-07
High demand,PV_A,IDA3,0,25.003354190165908,0,3538.59554887216,3538.59554887216,,141.52483390664156,644.8214478,1.628881662192437e-07
High demand,W_C,ALL,49.57437140636236,162.3371732079937,7766.351859224601,22810.751066109748,15044.399206885148,156.66062198880186,140.51464994332252,124.35534662425,11.592544822618684
High demand,W_C,FM,0,32.613392304499996,0,3284.6345106675,3284.6345106675,,100.71428571428572,124.35534662425,11.592544822618684
High demand,W_C,DAM,0,13.977168145953787,0,2115.0459666128218,2115.0459666128218,,151.32149406280848,124.35534662425,11.592544822618684
High demand,W_C,IDA1,0,115.74661275753989,0,17411.070588829425,17411.070588829425,,150.4240182414776,124.35534662425,11.592544822618684
High demand,W_C,IDA2,23.206707194806498,0,3611.7031032563686,0,-3611.7031032563686,155.6318642252117,,124.35534662425,11.592544822618684
High demand,W_C,IDA3,26.367664211555866,0,4154.648755968232,0,-4154.648755968232,157.56605221585838,,124.35534662425,11.592544822618684
High demand,W_A,ALL,49.57437139163233,162.33717325286543,7766.351856694173,24461.22381180825,16694.871955114075,156.66062198430734,150.68159264856783,124.35534662425,11.592544763016905
High demand,W_A,FM,0,0,0,0,0,,,124.35534662425,11.592544763016905
High demand,W_A,DAM,0,46.590560486512615,0,7050.153222042739,7050.153222042739,,151.3214940628085,124.35534662425,11.592544763016905
High demand,W_A,IDA1,0,115.74661276635281,0,17411.070589765513,17411.070589765513,,150.42401823811176,124.35534662425,11.592544763016905
High demand,W_A,IDA2,23.2067071948065,0,3611.70310325637,0,-3611.70310325637,155.63186422521176,,124.35534662425,11.592544763016905
High demand,W_A,IDA3,26.367664196825828,0,4154.648753437803,0,-4154.648753437803,157.566052207914,,124.35534662425,11.592544763016905
No revision,DKL_ICE_H,ALL,0,2518.0846360032383,0,362840.5548912463,362840.5548912463,,144.09386789601925,,
No revision,DKL_ICE_H,FM,0,0,0,0,0,,,,
No revision,DKL_ICE_H,DAM,0,2518.084636,0,362840.5548908,362840.5548908,,144.0938678960273,,
No revision,DKL_ICE_H,IDA1,0,1.5616515342834976e-09,0,2.152424309702945e-07,2.152424309702945e-07,,,,
No revision,DKL_ICE_H,IDA2,0,1.0157782059880968e-09,0,1.400047101313394e-07,1.400047101313394e-07,,,,
No revision,DKL_ICE_H,IDA3,0,6.607142097802426e-10,0,9.106623953401085e-08,9.106623953401085e-08,,,,
No revision,VAS_ST_H,ALL,1.014075881e-05,6298.500734270122,0.0013207324274144001,939646.5957019135,939646.594381181,,149.1857563164674,,
No revision,VAS_ST_H,FM,0,0,0,0,0,,,,
No revision,VAS_ST_H,DAM,0,6298.500731,0,939646.59520544,939646.59520544,,149.18575631509916,,
No revision,VAS_ST_H,IDA1,1.014075881e-05,2.097430209689287e-06,0.0013207324274144001,0.0003292595041209107,-0.0009914729232934894,,,,
No revision,VAS_ST_H,IDA2,0,7.249032650696435e-07,0,0.00010379310634334163,0.00010379310634334163,,,,
No revision,VAS_ST_H,IDA3,0,4.4778847540007223e-07,0,6.342091900429371e-05,6.342091900429371e-05,,,,
No revision,VAS_CCGT_D,ALL,2.8062058229999998e-05,1608.9370872744726,0.00433538174742926,251267.7050295744,251267.70069419264,,156.17000006831842,,
No revision,VAS_CCGT_D,FM,0,0,0,0,0,,,,
No revision,VAS_CCGT_D,DAM,0,1608.93707144,0,251267.7024467848,251267.7024467848,,156.17,,
No revision,VAS_CCGT_D,IDA1,2.466422266e-05,1.289609718747716e-05,0.0038518116528122,0.002152968350095577,-0.0016988433027166228,,,,
No revision,VAS_CCGT_D,IDA2,1.9233040599999998e-06,1.8584538462494495e-06,0.00027359081415204004,0.00027593214622300967,2.3413320709696228e-06,,,,
No revision,VAS_CCGT_D,IDA3,1.47453151e-06,1.079921587393538e-06,0.00020997928046502,0.0001538891129114496,-5.60901675535704e-05,,,,
No revision,DKL_ST_H,ALL,2.6042948e-06,1.6745694072779566e-05,0.00037046925527634,0.0027642408261498684,0.0023937715708735284,,,,
No revision,DKL_ST_H,FM,0,0,0,0,0,,,,
No revision,DKL_ST_H,DAM,0,0,0,0,0,,,,
No revision,DKL_ST_H,IDA1,0,1.4200498583075514e-05,0,0.0023883348715930714,0.0023883348715930714,,,,
No revision,DKL_ST_H,IDA2,1.5736124e-06,1.6616232818366102e-06,0.00022384702794234,0.00024999668035652025,2.614965241418024e-05,,,,
No revision,DKL_ST_H,IDA3,1.0306824e-06,8.835722078674401e-07,0.00014662222733400002,0.00012590927420027694,-2.0712953133723085e-05,,,,
No revision,VAS_GT_D,ALL,9.2448028e-07,1.7673717628994855e-06,0.00015881369386036,0.0002917467211095082,0.0001329330272491482,,,,
No revision,VAS_GT_D,FM,0,0,0,0,0,,,,
No revision,VAS_GT_D,DAM,0,0,0,0,0,,,,
No revision,VAS_GT_D,IDA1,0,1.498712239132007e-06,0,0.00025206775926038533,0.00025206775926038533,,,,
No revision,VAS_GT_D,IDA2,9.2448028e-07,1.7539356863830885e-07,0.00015881369386036,2.6388538482077137e-05,-0.00013242515537828287,,,,
No revision,VAS_GT_D,IDA3,0,9.326595512916964e-08,0,1.3290423367045758e-05,1.3290423367045758e-05,,,,
No revision,IND,ALL,3572.507966113746,8.539852891331864e-06,513451.50814057275,0.0012555905032545487,-513451.5068849822,143.72298480809738,,3572.5079573999997,7.436006512762106e-07
No revision,IND,FM,27.954336260999998,0,2795.4336261,0,-2795.4336261,100.0,,3572.5079573999997,7.436006512762106e-07
No revision,IND,DAM,3544.5536206439965,0,510656.07301941566,0,-510656.07301941566,144.06780872075973,,3572.5079573999997,7.436006512762106e-07
No revision,IND,IDA1,9.208749415168699e-06,8.539852891331864e-06,0.0014950570819035848,0.0012555905032545487,-0.00023946657864903605,,,3572.5079573999997,7.436006512762106e-07
No revision,IND,IDA2,0,0,0,0,0,,,3572.5079573999997,7.436006512762106e-07
No revision,IND,IDA3,0,0,0,0,0,,,3572.5079573999997,7.436006512762106e-07
No revision,COM,ALL,3131.3662183503598,5.758157487996214e-06,432120.28933927865,0.0008493492791078213,-432120.28848992934,137.99736575267923,,3131.3662124356174,4.6166113776280326e-07
No revision,COM,FM,416.89689372,0,35436.235966199994,0,-35436.235966199994,84.99999999999999,,3131.3662124356174,4.6166113776280326e-07
No revision,COM,DAM,2714.46931673127,0,396684.0520679891,0,-396684.0520679891,146.13687088777672,,3131.3662124356174,4.6166113776280326e-07
No revision,COM,IDA1,7.899090228329086e-06,5.758157487996214e-06,0.0013050895945698748,0.0008493492791078213,-0.00045574031546205356,,,3131.3662124356174,4.6166113776280326e-07
No revision,COM,IDA2,0,0,0,0,0,,,3131.3662124356174,4.6166113776280326e-07
No revision,COM,IDA3,0,0,0,0,0,,,3131.3662124356174,4.6166113776280326e-07
No revision,RESI,ALL,5204.485706455555,1.812893083550922e-05,779618.9547308229,0.002758405812165479,-779618.9519724171,149.79750136767535,,5204.485688164384,4.855649393675776e-07
No revision,RESI,FM,74.1418716635,0,6742.6542903675,0,-6742.6542903675,90.94259612125364,,5204.485688164384,4.855649393675776e-07
No revision,RESI,DAM,5130.343820624734,0,772876.2980505552,0,-772876.2980505552,150.64805110009962,,5204.485688164384,4.855649393675776e-07
No revision,RESI,IDA1,1.4167322006502214e-05,1.812893083550922e-05,0.002389900232477621,0.002758405812165479,0.00036850557968785835,,,5204.485688164384,4.855649393675776e-07
No revision,RESI,IDA2,0,0,0,0,0,,,5204.485688164384,4.855649393675776e-07
No revision,RESI,IDA3,0,0,0,0,0,,,5204.485688164384,4.855649393675776e-07
No revision,PV_C,ALL,4.154358848040829e-07,694.8281565334299,5.798131187692946e-05,68838.43667305274,68838.43661507143,,99.07260669529408,694.8281562,8.200592236527651e-08
No revision,PV_C,FM,0,486.37970934,0,41689.689372,41689.689372,,85.71428571428572,694.8281562,8.200592236527651e-08
No revision,PV_C,DAM,0,208.44844603790227,0,27148.74714691565,27148.74714691565,,130.24202225033227,694.8281562,8.200592236527651e-08
No revision,PV_C,IDA1,4.154358848040829e-07,1.155527734460608e-06,5.798131187692946e-05,0.00015413708674425804,9.615577486732858e-05,,,694.8281562,8.200592236527651e-08
No revision,PV_C,IDA2,0,0,0,0,0,,,694.8281562,8.200592236527651e-08
No revision,PV_C,IDA3,0,0,0,0,0,,,694.8281562,8.200592236527651e-08
No revision,PV_A,ALL,1.3847863122862236e-06,694.8281573114333,0.00019327104340325363,90495.82433684246,90495.82414357142,,130.24202226778894,694.8281562,2.7335304257648503e-07
No revision,PV_A,FM,0,0,0,0,0,,,694.8281562,2.7335304257648503e-07
No revision,PV_A,DAM,0,694.8281534596741,0,90495.82382305217,90495.82382305217,,130.24202225033227,694.8281562,2.7335304257648503e-07
No revision,PV_A,IDA1,1.3847863122862236e-06,3.851759126580893e-06,0.00019327104340325363,0.000513790290611158,0.00032051924720790444,,,694.8281562,2.7335304257648503e-07
No revision,PV_A,IDA2,0,0,0,0,0,,,694.8281562,2.7335304257648503e-07
No revision,PV_A,IDA3,0,0,0,0,0,,,694.8281562,2.7335304257648503e-07
No revision,W_C,ALL,8.069589230164098e-08,46.5905604624239,1.2435904563278699e-05,5319.326940700072,5319.326928264167,,114.17177402255552,46.590560435,5.790842022568299e-08
No revision,W_C,FM,0,32.613392304499996,0,3284.6345106675,3284.6345106675,,100.71428571428572,46.590560435,5.790842022568299e-08
No revision,W_C,DAM,0,13.97716814363622,0,2034.6924280579274,2034.6924280579274,,145.5725800211053,46.590560435,5.790842022568299e-08
No revision,W_C,IDA1,8.069589230164098e-08,1.42876838545894e-08,1.2435904563278699e-05,1.974644533734893e-06,-1.0461260029543806e-05,,,46.590560435,5.790842022568299e-08
No revision,W_C,IDA2,0,0,0,0,0,,,46.590560435,5.790842022568299e-08
No revision,W_C,IDA3,0,0,0,0,0,,,46.590560435,5.790842022568299e-08
No revision,W_A,ALL,2.756144503179847e-07,46.59056053828049,4.2419174735268465e-05,6782.308101819546,6782.308059400371,,145.5725800132187,46.590560435,1.7453243617016057e-07
No revision,W_A,FM,0,0,0,0,0,,,46.590560435,1.7453243617016057e-07
No revision,W_A,DAM,0,46.590560478787395,0,6782.308093526424,6782.308093526424,,145.5725800211053,46.590560435,1.7453243617016057e-07
No revision,W_A,IDA1,2.756144503179847e-07,5.949310026660941e-08,4.2419174735268465e-05,8.293121767739616e-06,-3.4126052967528846e-05,,,46.590560435,1.7453243617016057e-07
No revision,W_A,IDA2,0,0,0,0,0,,,46.590560435,1.7453243617016057e-07
No revision,W_A,IDA3,0,0,0,0,0,,,46.590560435,1.7453243617016057e-07
Double revision,DKL_ICE_H,ALL,0,2518.2881203372517,0,362868.6011370034,362868.6011370034,,144.09336175894268,,
Double revision,DKL_ICE_H,FM,0,0,0,0,0,,,,
Double revision,DKL_ICE_H,DAM,0,2518.084636,0,362840.5548908,362840.5548908,,144.0938678960273,,
Double revision,DKL_ICE_H,IDA1,0,0.13814609157534796,0,19.04067580183021,19.04067580183021,,137.83,,
Double revision,DKL_ICE_H,IDA2,0,0.05958899786937802,0,8.213151576336372,8.213151576336372,,137.83,,
Double revision,DKL_ICE_H,IDA3,0,0.005749247806790694,0,0.7924188252099615,0.7924188252099615,,137.83000000000004,,
Double revision,VAS_ST_H,ALL,359.46259100000003,6891.89091446119,46816.407851840006,1026230.702334067,979414.294482227,130.24,148.90408380967503,,
Double revision,VAS_ST_H,FM,0,0,0,0,0,,,,
Double revision,VAS_ST_H,DAM,0,6298.500731,0,939646.59520544,939646.59520544,,149.18575631509916,,
Double revision,VAS_ST_H,IDA1,359.46259100000003,370.78820306879794,46816.407851840006,54764.31537609186,7947.907524251852,130.24,147.69702736721266,,
Double revision,VAS_ST_H,IDA2,0,165.23004353499246,0,23606.1891975337,23606.1891975337,,142.86862541759467,,
Double revision,VAS_ST_H,IDA3,0,57.37193685739926,0,8213.602555001482,8213.602555001482,,143.16411480785092,,
Double revision,VAS_CCGT_D,ALL,872.86518892,2828.9263006545452,124722.42969201892,434529.8289980779,309807.399306059,142.8885368270197,153.6023857876885,,
Double revision,VAS_CCGT_D,FM,0,0,0,0,0,,,,
Double revision,VAS_CCGT_D,DAM,0,1608.93707144,0,251267.7024467848,251267.7024467848,,156.17,,
Double revision,VAS_CCGT_D,IDA1,88.12438822,793.7404813274206,12396.14974446492,122274.27202369465,109878.12227922973,140.6665055480248,154.04817430907383,,
Double revision,VAS_CCGT_D,IDA2,487.591609,285.747868550412,69681.875705772,40864.902988000016,-28816.97271777199,142.91032581278895,143.01035103185933,,
Double revision,VAS_CCGT_D,IDA3,297.1491917,140.50087933671244,42644.404241782,20122.951539598438,-22521.452702183564,143.5117625520433,143.2229579956826,,
Double revision,DKL_ST_H,ALL,992.087187,1164.302828133424,146573.0285473478,178480.68370850297,31907.655161155155,147.74208403051153,153.29403948510367,,
Double revision,DKL_ST_H,FM,0,0,0,0,0,,,,
Double revision,DKL_ST_H,DAM,0,0,0,0,0,,,,
Double revision,DKL_ST_H,IDA1,0,815.5322694721682,0,128577.82230500711,128577.82230500711,,157.661231956187,,
Double revision,DKL_ST_H,IDA2,562.390543,233.80427500972468,82542.004426998,33436.73544918787,-49105.26897781013,146.76990119124034,143.01165129592746,,
Double revision,DKL_ST_H,IDA3,429.696644,114.96628365153116,64031.0241203498,16466.125954307976,-47564.89816604182,149.0144850196917,143.22569566758955,,
Double revision,VAS_GT_D,ALL,110.7633019077,122.89863185746657,16415.67764570915,18839.627724632843,2423.9500789236918,148.20502244857664,153.29403948517808,,
Double revision,VAS_GT_D,FM,0,0,0,0,0,,,,
Double revision,VAS_GT_D,DAM,0,0,0,0,0,,,,
Double revision,VAS_GT_D,IDA1,0,86.08396177761774,0,13572.103465528528,13572.103465528528,,157.661231956187,,
Double revision,VAS_GT_D,IDA2,86.08396186,24.679340139873524,12886.2444725736,3529.4331862966264,-9356.811286276974,149.6939057420562,143.0116512959051,,
Double revision,VAS_GT_D,IDA3,24.6793400477,12.135329939975298,3529.43317313555,1738.0910728076894,-1791.3421003278606,143.0116512967484,143.22569566750713,,
Double revision,IND,ALL,4238.472996001639,389.80369635258097,615135.8856418419,56614.28350411525,-558521.6021377266,145.13148632116565,145.23793394946958,3816.4540459189025,32.215255381191
Double revision,IND,FM,27.954336260999998,0,2795.4336261,0,-2795.4336261,100.0,,3816.4540459189025,32.215255381191
Double revision,IND,DAM,3544.5536206439965,0,510656.07301941566,0,-510656.07301941566,144.06780872075973,,3816.4540459189025,32.215255381191
Double revision,IND,IDA1,636.4651666693057,71.57111162113085,97458.10927289634,9451.070066143206,-88007.03920675314,153.1240268542985,132.05146395061504,3816.4540459189025,32.215255381191
Double revision,IND,IDA2,14.74993603399029,159.11629193529177,2113.134835973585,23581.83083325748,21468.695997283896,143.264,148.20500494598986,3816.4540459189025,32.215255381191
Double revision,IND,IDA3,14.749936393346289,159.11629279615835,2113.134887456363,23581.38260471456,21468.247717258197,143.264,148.20218715706466,3816.4540459189025,32.215255381191
Double revision,COM,ALL,3772.147930697728,362.35285612647846,530453.2163157805,52959.378109672434,-477493.8382061081,140.62365158029831,146.1541622047739,3385.0434092823425,24.751666786629812
Double revision,COM,FM,416.89689372,0,35436.235966199994,0,-35436.235966199994,84.99999999999999,,3385.0434092823425,24.751666786629812
Double revision,COM,DAM,2714.46931673127,0,396684.0520679891,0,-396684.0520679891,146.13687088777672,,3385.0434092823425,24.751666786629812
Double revision,COM,IDA1,619.5532194627638,52.5762458902643,95291.64834531619,6951.89001950143,-88339.75832581476,153.80704248126887,132.22492214471197,3385.0434092823425,24.751666786629812
Double revision,COM,IDA2,10.6142502625632,154.88830478262778,1520.6399496158544,23003.996628251254,21483.3566786354,143.264,148.51990704227381,3385.0434092823425,24.751666786629812
Double revision,COM,IDA3,10.614250521131277,154.88830545358636,1520.6399866593515,23003.49146191975,21482.8514752604,143.264,148.5166449110191,3385.0434092823425,24.751666786629812
Double revision,RESI,ALL,5888.490217205133,424.96041275260245,889757.3087694126,62730.83156412723,-827026.4772052853,151.10109314093756,147.61570650263602,5408.435277198755,55.094528394991855
Double revision,RESI,FM,74.1418716635,0,6742.6542903675,0,-6742.6542903675,90.94259612125364,,5408.435277198755,55.094528394991855
Double revision,RESI,DAM,5130.343820624734,0,772876.2980505552,0,-772876.2980505552,150.64805110009962,,5408.435277198755,55.094528394991855
Double revision,RESI,IDA1,644.1442608679304,102.8882776663968,104427.81555977838,13639.0982601085,-90788.71729966988,162.11867729609304,132.56221767392861,5408.435277198755,55.094528394991855
Double revision,RESI,IDA2,19.93013176344651,161.03606753138928,2855.270396958401,24546.106416791867,21690.836019833467,143.264,152.42614150402872,5408.435277198755,55.094528394991855
Double revision,RESI,IDA3,19.93013228552243,161.03606755481638,2855.2704717530855,24545.62688722686,21690.356415473772,143.264,152.4231637044389,5408.435277198755,55.094528394991855
Double revision,PV_C,ALL,200.02683277790302,794.8415723059672,28973.68592501963,83210.66082964328,54236.974904623654,144.84899612038626,104.68836020772713,594.8147394,1.7086213630755534e-07
Double revision,PV_C,FM,0,486.37970934,0,41689.689372,41689.689372,,85.71428571428572,594.8147394,1.7086213630755534e-07
Double revision,PV_C,DAM,0,208.44844603790227,0,27148.74714691565,27148.74714691565,,130.24202225033227,594.8147394,1.7086213630755534e-07
Double revision,PV_C,IDA1,200.02683277790302,0,28973.68592501963,0,-28973.68592501963,144.84899612038626,,594.8147394,1.7086213630755534e-07
Double revision,PV_C,IDA2,0,50.00670835034558,0,7186.1488593575505,7186.1488593575505,,143.70369689225683,594.8147394,1.7086213630755534e-07
Double revision,PV_C,IDA3,0,50.006708577719465,0,7186.075451370087,7186.075451370087,,143.70222827606472,594.8147394,1.7086213630755534e-07
Double revision,PV_A,ALL,200.02683085967678,794.8415703877392,28973.68565130663,104868.0481337798,75894.36248247317,144.84899614108423,131.93578700548227,594.8147394,1.7086397734190613e-07
Double revision,PV_A,FM,0,0,0,0,0,,,594.8147394,1.7086397734190613e-07
Double revision,PV_A,DAM,0,694.8281534596741,0,90495.82382305217,90495.82382305217,,130.24202225033227,594.8147394,1.7086397734190613e-07
Double revision,PV_A,IDA1,200.02683085967678,0,28973.68565130663,0,-28973.68565130663,144.84899614108423,,594.8147394,1.7086397734190613e-07
Double revision,PV_A,IDA2,0,50.00670835034558,0,7186.1488593575505,7186.1488593575505,,143.70369689225683,594.8147394,1.7086397734190613e-07
Double revision,PV_A,IDA3,0,50.006708577719465,0,7186.075451370087,7186.075451370087,,143.70222827606472,594.8147394,1.7086397734190613e-07
Double revision,W_C,ALL,103.21476347139642,273.8328565717132,15350.421752097325,37863.272007438514,22512.85025534119,148.72312095499146,138.271471442371,202.1201328135,31.50203971318324
Double revision,W_C,FM,0,32.613392304499996,0,3284.6345106675,3284.6345106675,,100.71428571428572,202.1201328135,31.50203971318324
Double revision,W_C,DAM,0,13.97716814363622,0,2034.6924280579274,2034.6924280579274,,145.5725800211053,202.1201328135,31.50203971318324
Double revision,W_C,IDA1,0,227.24229612357695,0,32543.94506871309,32543.94506871309,,143.21253403906516,202.1201328135,31.50203971318324
Double revision,W_C,IDA2,51.60738141452141,0,7675.267716215278,0,-7675.267716215278,148.72422327662593,,202.1201328135,31.50203971318324
Double revision,W_C,IDA3,51.607382056875004,0,7675.154035882048,0,-7675.154035882048,148.72201863337077,,202.1201328135,31.50203971318324
Double revision,W_A,ALL,103.21476347139642,273.83285653541844,15350.421752097327,39326.25315274209,23975.83140064476,148.7231209549915,143.61407776373068,202.1201328135,31.502039749477987
Double revision,W_A,FM,0,0,0,0,0,,,202.1201328135,31.502039749477987
Double revision,W_A,DAM,0,46.590560478787395,0,6782.308093526424,6782.308093526424,,145.5725800211053,202.1201328135,31.502039749477987
Double revision,W_A,IDA1,0,227.24229605663103,0,32543.94505921566,32543.94505921566,,143.2125340394615,202.1201328135,31.502039749477987
Double revision,W_A,IDA2,51.60738141452142,0,7675.267716215278,0,-7675.267716215278,148.7242232766259,,202.1201328135,31.502039749477987
Double revision,W_A,IDA3,51.607382056875004,0,7675.154035882048,0,-7675.154035882048,148.72201863337077,,202.1201328135,31.502039749477987
Reverse revision,DKL_ICE_H,ALL,227.0473864,2527.082068580541,28449.037515919998,364122.5360723086,335673.4985563886,125.3,144.08813255393633,,
Reverse revision,DKL_ICE_H,FM,0,0,0,0,0,,,,
Reverse revision,DKL_ICE_H,DAM,0,2518.084636,0,362840.5548908,362840.5548908,,144.0938678960273,,
Reverse revision,DKL_ICE_H,IDA1,227.0473864,0,28449.037515919998,0,-28449.037515919998,125.3,,,
Reverse revision,DKL_ICE_H,IDA2,0,3.386899247748735,0,482.5745085465185,482.5745085465185,,142.4826879238539,,
Reverse revision,DKL_ICE_H,IDA3,0,5.610533332792397,0,799.4066729620697,799.4066729620697,,142.4831875233152,,
Reverse revision,VAS_ST_H,ALL,438.754871,6457.166727679386,56013.2284419,962712.5007389298,906699.2722970298,127.66406060458301,149.092092761389,,
Reverse revision,VAS_ST_H,FM,0,0,0,0,0,,,,
Reverse revision,VAS_ST_H,DAM,0,6298.500731,0,939646.59520544,939646.59520544,,149.18575631509916,,
Reverse revision,VAS_ST_H,IDA1,438.754871,6.264772538009832,56013.2284419,897.5163729881339,-55115.71206891187,127.66406060458301,143.26400001639217,,
Reverse revision,VAS_ST_H,IDA2,0,59.826606860519256,0,8731.84872147483,8731.84872147483,,145.95259834528818,,
Reverse revision,VAS_ST_H,IDA3,0,92.57461728085656,0,13436.540439026887,13436.540439026887,,145.14281380459371,,
Reverse revision,VAS_CCGT_D,ALL,581.7469819,2080.968813244561,88107.2040988888,323821.69794131786,235714.49384242907,151.4527910589729,155.61102880558235,,
Reverse revision,VAS_CCGT_D,FM,0,0,0,0,0,,,,
Reverse revision,VAS_CCGT_D,DAM,0,1608.93707144,0,251267.7024467848,251267.7024467848,,156.17,,
Reverse revision,VAS_CCGT_D,IDA1,418.8976738,149.01105378369382,64799.839267954,23949.5287677587,-40850.31050019529,154.69133232497313,160.72316891687856,,
Reverse revision,VAS_CCGT_D,IDA2,57.8001306,144.7734257133504,8280.677910278402,21850.79636907335,13570.118458794946,143.26400000000004,150.93098931248375,,
Reverse revision,VAS_CCGT_D,IDA3,105.0491775,178.2472623075164,15026.6869206564,26753.670357701012,11726.983437044611,143.044308182769,150.0930225315043,,
Reverse revision,DKL_ST_H,ALL,203.8660029,417.479079830188,30100.6839620958,64734.36123137845,34633.67726928265,147.6493556253258,155.0601320135838,,
Reverse revision,DKL_ST_H,FM,0,0,0,0,0,,,,
Reverse revision,DKL_ST_H,DAM,0,0,0,0,0,,,,
Reverse revision,DKL_ST_H,IDA1,0,126.24703174887782,0,20338.717192224925,20338.717192224925,,161.10253770307523,,
Reverse revision,DKL_ST_H,IDA2,78.436722,131.5874816885767,11639.747944119601,20134.603714516088,8494.855770396487,148.3966648188026,153.0130636755244,,
Reverse revision,DKL_ST_H,IDA3,125.4292809,159.64456639273354,18460.9360179762,24261.040324637437,5800.1043066612365,147.18202867394578,151.96909530233606,,
Reverse revision,VAS_GT_D,ALL,27.215865308999998,44.06723620428624,4142.194637105253,6833.071463309485,2690.876826204232,152.19779309149774,155.06013201356296,,
Reverse revision,VAS_GT_D,FM,0,0,0,0,0,,,,
Reverse revision,VAS_GT_D,DAM,0,0,0,0,0,,,,
Reverse revision,VAS_GT_D,IDA1,0,13.326075573410995,0,2146.8645924998777,2146.8645924998777,,161.10253770310547,,
Reverse revision,VAS_GT_D,IDA2,13.326075529999999,13.889789733794206,2016.8753499477798,2125.3192809766983,108.44393102891854,151.34803531672463,153.01306367552442,,
Reverse revision,VAS_GT_D,IDA3,13.889789779,16.85137089708104,2125.319287157473,2560.887589832909,435.5683026754359,153.0130636225141,151.96909530229973,,
Reverse revision,IND,ALL,3795.066504152084,344.53159113157403,547939.296140122,47493.563681279564,-500445.73245884245,144.382001090267,137.84966285759882,3450.5349131405483,4.752061570911792e-07
Reverse revision,IND,FM,27.954336260999998,0,2795.4336261,0,-2795.4336261,100.0,,3450.5349131405483,4.752061570911792e-07
Reverse revision,IND,DAM,3544.5536206439965,0,510656.07301941566,0,-510656.07301941566,144.06780872075973,,3450.5349131405483,4.752061570911792e-07
Reverse revision,IND,IDA1,74.28649731193423,307.3883436632997,11920.029680188873,41882.81753661868,29962.787856429804,160.46024663319136,136.25375977982875,3450.5349131405483,4.752061570911792e-07
Reverse revision,IND,IDA2,73.28530473714476,18.571623565122696,11137.737221095029,2805.373046094449,-8332.36417500058,151.97777045538916,151.0569625890387,3450.5349131405483,4.752061570911792e-07
Reverse revision,IND,IDA3,74.98674519800834,18.571623903151643,11430.022593322465,2805.3730985664365,-8624.649494756028,152.42723981605818,151.05696266498046,3450.5349131405483,4.752061570911792e-07
Reverse revision,COM,ALL,3331.0656842241415,326.5380703213382,463098.874919341,45133.89795839104,-417964.97696094995,139.024239933955,138.21940551671622,3004.5276140122546,4.2452404613868566e-07
Reverse revision,COM,FM,416.89689372,0,35436.235966199994,0,-35436.235966199994,84.99999999999999,,3004.5276140122546,4.2452404613868566e-07
Reverse revision,COM,DAM,2714.46931673127,0,396684.0520679891,0,-396684.0520679891,146.13687088777672,,3004.5276140122546,4.2452404613868566e-07
Reverse revision,COM,IDA1,56.099414179609276,298.4883642269231,9031.649555145457,40890.01416544559,31858.36461030013,160.99365184508886,136.9903120724643,3004.5276140122546,4.2452404613868566e-07
Reverse revision,COM,IDA2,70.91447791870894,14.024852914691538,10821.342354833974,2121.9418758889396,-8699.400478945034,152.59708133561602,151.29869017493434,3004.5276140122546,4.2452404613868566e-07
Reverse revision,COM,IDA3,72.68558167455377,14.024853179723536,11125.59497517247,2121.9419170565143,-9003.653058115955,153.06467553615778,151.29869025112626,3004.5276140122546,4.2452404613868566e-07
Reverse revision,RESI,ALL,5473.693703838274,371.18281020969835,823244.7921522735,54546.70326356529,-768698.0888887082,150.40023002657168,146.95374290837802,5102.510893647197,5.510546259301918e-07
Reverse revision,RESI,FM,74.1418716635,0,6742.6542903675,0,-6742.6542903675,90.94259612125364,,5102.510893647197,5.510546259301918e-07
Reverse revision,RESI,DAM,5130.343820624734,0,772876.2980505552,0,-772876.2980505552,150.64805110009962,,5102.510893647197,5.510546259301918e-07
Reverse revision,RESI,IDA1,118.1225487084565,312.1215381923878,19154.98400375647,45579.540076518024,26424.556072761552,162.16195987299375,146.0313836093662,5102.510893647197,5.510546259301918e-07
Reverse revision,RESI,IDA2,74.7621162641463,29.530635710185763,12101.328361789578,4483.581547146451,-7617.7468146431265,161.8644437382388,151.82814183712156,5102.510893647197,5.510546259301918e-07
Reverse revision,RESI,IDA3,76.32334657743789,29.53063630712482,12369.527445804717,4483.581639900809,-7885.945805903908,162.06741450015636,151.82814190898625,5102.510893647197,5.510546259301918e-07
Reverse revision,PV_C,ALL,49.23864799252595,794.0735125925252,7111.478707641903,81564.03734986554,74452.55864222364,144.42879724726342,102.7159778741036,744.8348646,7.890147275769685e-13
Reverse revision,PV_C,FM,0,486.37970934,0,41689.689372,41689.689372,,85.71428571428572,744.8348646,7.890147275769685e-13
Reverse revision,PV_C,DAM,0,208.44844603790227,0,27148.74714691565,27148.74714691565,,130.24202225033227,744.8348646,7.890147275769685e-13
Reverse revision,PV_C,IDA1,0,99.24535721462294,0,12725.60083094989,12725.60083094989,,128.22363874846212,744.8348646,7.890147275769685e-13
Reverse revision,PV_C,IDA2,24.559070526994653,0,3545.3885862354277,0,-3545.3885862354277,144.36167616109228,,744.8348646,7.890147275769685e-13
Reverse revision,PV_C,IDA3,24.679577465531295,0,3566.0901214064756,0,-3566.0901214064756,144.49559059052172,,744.8348646,7.890147275769685e-13
Reverse revision,PV_A,ALL,49.238648012443285,794.0735126124407,7111.4787110634425,103221.42489752329,96109.94618645986,144.42879725832995,129.98975945933867,744.8348646,2.630049078370701e-12
Reverse revision,PV_A,FM,0,0,0,0,0,,,744.8348646,2.630049078370701e-12
Reverse revision,PV_A,DAM,0,694.8281534596741,0,90495.82382305217,90495.82382305217,,130.24202225033227,744.8348646,2.630049078370701e-12
Reverse revision,PV_A,IDA1,0,99.24535915276653,0,12725.601074471126,12725.601074471126,,128.22363869813645,744.8348646,2.630049078370701e-12
Reverse revision,PV_A,IDA2,24.559070526994642,0,3545.388586235426,0,-3545.388586235426,144.36167616109225,,744.8348646,2.630049078370701e-12
Reverse revision,PV_A,IDA3,24.679577485448643,0,3566.090124828017,0,-3566.090124828017,144.49559061254692,,744.8348646,2.630049078370701e-12
Reverse revision,W_C,ALL,39.064749173822214,48.95019164733622,5883.71560100143,5719.463045456913,-164.25255554451633,150.61444717899744,116.84250567726136,9.8854425925,1.2428599982516886e-07
Reverse revision,W_C,FM,0,32.613392304499996,0,3284.6345106675,3284.6345106675,,100.71428571428572,9.8854425925,1.2428599982516886e-07
Reverse revision,W_C,DAM,0,13.97716814363622,0,2034.6924280579274,2034.6924280579274,,145.5725800211053,9.8854425925,1.2428599982516886e-07
Reverse revision,W_C,IDA1,39.064749173822214,0,5883.71560100143,0,-5883.71560100143,150.61444717899744,,9.8854425925,1.2428599982516886e-07
Reverse revision,W_C,IDA2,0,1.0258259036000001,0,176.22355450173322,176.22355450173322,,171.787,9.8854425925,1.2428599982516886e-07
Reverse revision,W_C,IDA3,0,1.3338052956000002,0,223.9125522297532,223.9125522297532,,167.8749911763007,9.8854425925,1.2428599982516886e-07
Reverse revision,W_A,ALL,39.064749204473394,48.95019167798739,5883.715604918926,7182.444200257911,1298.7285953389846,150.6144471611037,146.72964403299392,9.8854425925,1.2428599988068e-07
Reverse revision,W_A,FM,0,0,0,0,0,,,9.8854425925,1.2428599988068e-07
Reverse revision,W_A,DAM,0,46.590560478787395,0,6782.308093526424,6782.308093526424,,145.5725800211053,9.8854425925,1.2428599988068e-07
Reverse revision,W_A,IDA1,39.064749204473394,0,5883.715604918926,0,-5883.715604918926,150.6144471611037,,9.8854425925,1.2428599988068e-07
Reverse revision,W_A,IDA2,0,1.0258259036,0,176.2235545017332,176.2235545017332,,171.787,9.8854425925,1.2428599988068e-07
Reverse revision,W_A,IDA3,0,1.3338052956,0,223.9125522297532,223.9125522297532,,167.87499117630074,9.8854425925,1.2428599988068e-07
