variant,participant,stage,buy_mwh,sell_mwh,purchase_eur,sales_eur,net_cash_eur,buy_vwap,sell_vwap,final_target_mwh,final_gap_mwh
Baseline,DKL_ICE_H,ALL,0,2518.186459125335,0,362854.5891721649,362854.5891721649,,144.09361461589248,,
Baseline,VAS_ST_H,ALL,179.73129699999998,6589.9245166066075,23408.20412128,982183.3710309305,958775.1669096506,130.24,149.04318988113275,,
Baseline,VAS_CCGT_D,ALL,481.46989651999996,2234.9398793690234,68694.85446830292,345532.92171460134,276838.0672462984,142.67736148162146,154.60501864244935,,
Baseline,DKL_ST_H,ALL,497.10342772,595.2490773227806,73438.3503513898,91395.56907428238,17957.218722892576,147.73253664377248,153.5417232150065,,
Baseline,VAS_GT_D,ALL,55.8883394415,62.83184705043316,8291.690415689061,9647.310068905199,1355.6196532161375,148.36172444107456,153.541723215006,,
Baseline,IND,ALL,3908.135837522759,201.18753127126718,564748.134748741,29190.613356432415,-535557.5213923086,144.50575881382787,145.09156294121348,3694.481001659451,12.467305359941506
Baseline,COM,ALL,3453.913472753075,186.23604989228977,481657.1940073514,27190.834070967376,-454466.359936384,139.45259422594276,146.00199095015859,3258.2048108589797,9.472612742613855
Baseline,RESI,ALL,5551.470145938666,224.06408006271315,835544.0062121089,32993.56396129024,-802550.4422508186,150.50860118979017,147.2505720330349,5306.460482681569,20.945583907325087
Baseline,PV_C,ALL,100.01341597790304,744.8348639535341,14486.84290385703,76024.54869041117,61537.70578655414,144.84899612925682,102.06899860578211,644.8214478,2.0569864331996992e-07
Baseline,PV_A,ALL,100.01341405967678,744.8348620353061,14486.84263014403,97681.93599454769,83195.09336440366,144.84899617065275,131.14576260249947,644.8214478,2.0570048435432072e-07
Baseline,W_C,ALL,57.89305203745135,170.6180936886146,8755.0073240349,23053.948127415384,14298.940803380485,151.22725466902722,135.12018349876675,124.35534662425,11.630304973086753
Baseline,W_A,ALL,57.89305204065852,170.61809363877512,8755.00732458585,24516.929270815195,15761.921946229346,151.2272546701662,143.69477907027448,124.35534662425,11.630305026133408
Low RES,DKL_ICE_H,ALL,0,2457.8849050445206,0,354825.85312878626,354825.85312878626,,144.36227359570327,,
Low RES,VAS_ST_H,ALL,152.98850099999999,7237.812591847862,19925.22237024,1069905.194430672,1049979.9720604322,130.24,147.82162163686505,,
Low RES,VAS_CCGT_D,ALL,478.65364859,2059.8310073222215,68844.0799472651,318450.47868305823,249606.39873579313,143.8285911954571,154.60029368964766,,
Low RES,DKL_ST_H,ALL,500.44984437,602.3423811852688,73864.84015442731,92451.75716474208,18586.917010314777,147.59688904971756,153.4870532981901,,
Low RES,VAS_GT_D,ALL,56.41102267,63.580584679207384,8365.05150397045,9758.796589396661,1393.7450854262115,148.28753509585061,153.48705329833274,,
Low RES,IND,ALL,3908.7206164420727,203.50357019367547,564197.4200181426,29526.34648030137,-534671.0735378412,144.34324562488308,145.09006624405157,3694.481001659451,10.736045190974394
Low RES,COM,ALL,3454.390163132065,188.06580052997154,481414.9384875033,27443.37097102416,-453971.5675164792,139.36322064181905,145.92430358783167,3258.2048108589797,8.11955229714546
Low RES,RESI,ALL,5552.571501240362,228.206559525642,835625.0533364073,33682.44503589821,-801942.608300509,150.49334405684667,147.59630532054686,5306.460482681569,17.90445965789541
Low RES,PV_C,ALL,70.00939176000001,521.3844052519902,10065.306486673902,46682.22606490781,36616.91957823391,143.77080322564282,89.53514066525605,451.37501345999993,1.2899713519587408e-07
Low RES,PV_A,ALL,70.00939244029186,521.3844059322805,10065.306589922267,67998.53611491293,57933.22952499066,143.77080330337895,130.41919808346714,451.37501345999993,1.2899861717913848e-07
Low RES,W_C,ALL,41.49778620045707,121.60172877993668,6222.822222165505,16313.076355853193,10090.254133687687,149.95552273814945,134.15168122630112,87.04874263697499,6.944800057495379
Low RES,W_A,ALL,41.49778620045707,121.60172877300354,6222.822222165504,17774.784319977087,11551.962097811582,149.95552273814943,146.17213504552754,87.04874263697499,6.944800064428512
Markup 5%,DKL_ICE_H,ALL,0,2518.186459125335,0,362853.95125028474,362853.95125028474,,144.09336128998095,,
Markup 5%,VAS_ST_H,ALL,179.73129699999998,6589.9245166066075,23408.20412128,980249.8812208348,956841.6770995548,130.24,148.74978897718864,,
Markup 5%,VAS_CCGT_D,ALL,481.46989651999996,2234.9398793690234,66857.37115400616,341248.1390211582,274390.76786715206,138.8609581559352,152.6878383491464,,
Markup 5%,DKL_ST_H,ALL,497.10342772,595.2490773227806,71376.0402050693,87241.22502595614,15865.184820886847,143.58388259851787,146.56255397880875,,
Markup 5%,VAS_GT_D,ALL,55.8883394415,62.83184705043316,8070.892308264058,9208.795974915583,1137.9036666515258,144.41102363959305,146.5625539787804,,
Markup 5%,IND,ALL,3908.135837522759,201.18753127126718,562476.5900708444,28603.250950248494,-533873.339120596,143.9245239815871,142.1720857625211,3694.481001659451,12.467305359941506
Markup 5%,COM,ALL,3453.913472753075,186.23604989228977,479462.9701413431,26625.74066542924,-452837.22947591386,138.8173079388606,142.9677051292074,3258.2048108589797,9.472612742613855
Markup 5%,RESI,ALL,5551.470145938666,224.06408006271315,833068.5819967943,32802.573071633065,-800266.0089251612,150.06269692475047,146.39817797860314,5306.460482681569,20.945583907325087
Markup 5%,PV_C,ALL,100.01341597790304,744.8348639535341,13828.350044590801,75723.97529937752,61895.62525478672,138.26495085065423,101.6654549404947,644.8214478,2.0569864331996992e-07
Markup 5%,PV_A,ALL,100.01341405967678,744.8348620353061,13828.349783319301,97381.36260351403,83553.01282019474,138.26495089016854,130.74221893617278,644.8214478,2.0570048435432072e-07
Markup 5%,W_C,ALL,57.89305203745135,170.6180936886146,8412.67443097084,22900.411262734266,14487.736831763426,145.31405988975382,134.2202973181057,124.35534662425,11.630304973086753
Markup 5%,W_A,ALL,57.89305204065852,170.61809363877512,8412.674431496745,24363.39240619917,15950.717974702426,145.31405989078777,142.79489288973207,124.35534662425,11.630305026133408
Markup 20%,DKL_ICE_H,ALL,0,2518.186459125335,0,362855.8650159254,362855.8650159254,,144.0941212677156,,
Markup 20%,VAS_ST_H,ALL,354.7968246,6511.377480751154,46208.738435904,974082.7192120717,927873.9807761677,130.24,149.597027985498,,
Markup 20%,VAS_CCGT_D,ALL,197.04678492,2121.0092900975305,28372.3824042352,337952.69221170055,309580.30980746535,143.98805043053224,159.33579064906428,,
Markup 20%,DKL_ST_H,ALL,384.77405842,502.0331406241064,59987.7087246588,86490.78862130734,26503.079896648538,155.90372430767988,172.281034104214,,
Markup 20%,VAS_GT_D,ALL,48.1883823415,52.99238706522997,7601.425095316606,9129.583243259049,1528.158147942443,157.74393590237273,172.2810341044113,,
Markup 20%,IND,ALL,3927.883787331496,233.4027859387058,572992.0688904908,34617.6382342757,-538374.4306562151,145.87806053186898,148.31715951910994,3694.481001659451,5.528628292950089e-07
Markup 20%,COM,ALL,3469.1925266053777,210.9877160139699,488908.997547505,31588.81153217428,-457320.1860153307,140.92875901179949,149.71872357764528,3258.2048108589797,5.134998701805671e-07
Markup 20%,RESI,ALL,5585.619090577627,279.15860812463234,846894.5034638579,40668.62158126085,-806225.8818825971,151.6205258057219,145.68284981240507,5306.460482681569,5.758632184438284e-07
Markup 20%,PV_C,ALL,100.01341597790304,744.834863952936,15803.828622389487,76621.19767610176,60817.369053712275,158.017086686462,102.87004728734507,644.8214478,2.0626164363300628e-07
Markup 20%,PV_A,ALL,100.01341405967678,744.834862034708,15803.828323793487,98278.58498023827,82474.75665644479,158.0170867316212,131.94681128614877,644.8214478,2.0626348466735707e-07
Markup 20%,W_C,ALL,77.76478606886134,202.12013255877403,13162.239404109778,27574.238328224623,14411.998924114845,169.25706440514745,136.42499625912512,124.35534662425,1.3433732060086356e-07
Markup 20%,W_A,ALL,77.76478606886134,202.12013255877403,13162.239404109778,29037.219477841667,15874.98007373189,169.25706440514745,143.66317254120148,124.35534662425,1.3433732060086356e-07
CBC allocation,DKL_ICE_H,ALL,0,2518.084636,0,362840.5548908,362840.5548908,,144.0938678960273,,
CBC allocation,VAS_ST_H,ALL,239.0065863263,6657.4647401,31128.217803137315,993699.2304850214,962571.0126818841,130.24,149.2609077596249,,
CBC allocation,VAS_CCGT_D,ALL,343.79844592,1952.79394654,50689.22055091092,306346.5718718126,255657.35132090165,147.43877161883978,156.87603518773892,,
CBC allocation,DKL_ST_H,ALL,278.35839695,339.4910706,40324.9920317245,50761.2318090295,10436.239777305003,144.8671657602909,149.52155212600016,,
CBC allocation,VAS_GT_D,ALL,153.74130804,207.27013064,24405.37441864528,32348.81802630808,7943.443607662801,158.7431167965317,156.07081409377588,,
CBC allocation,IND,ALL,3912.968323801,203.90418316,565445.6202586577,29138.81635576747,-536306.8039028903,144.5055450153484,142.90445592723694,3694.481001659451,14.583139770301003
CBC allocation,COM,ALL,3454.39016679,186.22826917,481739.0838275296,26756.72545967482,-454982.3583678548,139.45705625812002,143.67703452825265,3258.2048108589797,9.957087406643623
CBC allocation,RESI,ALL,5559.3426256135,233.44446165,836637.3678754452,34271.12324779875,-802366.2446276464,150.4921398477609,146.80632389206545,5306.460482681569,19.43768178468908
CBC allocation,PV_C,ALL,26.08194735,700.8268459999999,3661.8403336353003,69667.3182940969,66005.4779604616,140.3975050059021,99.40731964211443,644.8214478,29.923450890000023
CBC allocation,PV_A,ALL,25.18919355,697.770477,3451.6563952051,90926.6443444531,87474.987949248,137.029253769226,130.31024862987016,644.8214478,27.75983565000004
CBC allocation,W_C,ALL,29.5998350132,178.4579482005,4383.976702284896,24173.108033592292,19789.131331307395,148.10814655993417,135.4554856051212,124.35534662425,42.6341829123
CBC allocation,W_A,ALL,23.7952848498,170.535402724,3568.100285040564,24505.306812783427,20937.206527742863,149.94988744883858,143.69630247652216,124.35534662425,48.58976294155
Pro rata only,DKL_ICE_H,ALL,0,2518.1397514090604,0,362848.1514476308,362848.1514476308,,144.09373079655091,,
Pro rata only,VAS_ST_H,ALL,179.73129699999998,6495.87559347083,23408.20412128,968703.4419710413,945295.2378497613,130.24,149.12592275392555,,
Pro rata only,VAS_CCGT_D,ALL,353.62384553,2060.544044400317,50380.62739508884,320245.8595222014,269865.23212711257,142.46954223231182,155.41810930588625,,
Pro rata only,DKL_ST_H,ALL,385.94651302,451.18351280686653,57430.3118418438,70469.42121507901,13039.10937323521,148.80381064323214,156.1879350969195,,
Pro rata only,VAS_GT_D,ALL,44.326058052,47.62492635292627,6625.103552688609,7438.438906192328,813.3353535037195,149.46295348249862,156.18793509662362,,
Pro rata only,IND,ALL,3908.135837522759,201.18753112244363,564748.134748741,29190.71205346603,-535557.422695275,144.50575881382787,145.09205362086,3694.481001659451,12.467305350749129
Pro rata only,COM,ALL,3453.913472753075,186.23604975176025,481657.1940073514,27190.956087246817,-454466.2379201046,139.45259422594276,146.00264623036452,3258.2048108589797,9.472612724579541
Pro rata only,RESI,ALL,5551.470145938666,224.06407998613267,835544.0062121089,32993.68859545422,-802550.3176166547,150.50860118979017,147.25112832675458,5306.460482681569,20.945583886203025
Pro rata only,PV_C,ALL,6.466102948101238,696.6641701765009,995.4538917555486,69125.19478462833,68129.74089287278,153.94958907170854,99.223123197387,644.8214478,45.37661943012619
Pro rata only,PV_A,ALL,6.466102943985347,696.6641682582729,995.4538920804201,90782.58208876484,89787.12819668443,153.94958921994484,130.31039376652598,644.8214478,45.376617516017674
Pro rata only,W_C,ALL,14.670317504556706,170.6180936886146,2387.4170915970494,23053.948127415384,20666.531035818334,162.7379292135634,135.12018349876675,124.35534662425,54.85303945607586
Pro rata only,W_A,ALL,14.67031750455671,170.61809363877512,2387.41709159705,24516.929270815195,22129.512179218145,162.7379292135634,143.69477907027448,124.35534662425,54.85303951232968
